[{"Experiment": "Example benchmarking", "Description": "Demonstration of running LLMs against a benchmark, applying two metrics. The example data is the first 40 entries from the HELIOS self-reported medications dataset", "Time": 1730203160.6501381, "Results": [{"Llama 2 7b": {"metric_descriptions": ["Uncased match: is the predicted response the same as the ground truth, ignoring character case", "Fuzzy Match: the normalized indel similarity between predicted and expected output"], "results": [{"UncasedMatch": 1.0, "FuzzyMatchRatio": 97.87234042553192}, {"UncasedMatch": 0.0, "FuzzyMatchRatio": 88.0}, {"UncasedMatch": 1.0, "FuzzyMatchRatio": 94.73684210526316}, {"UncasedMatch": 0.0, "FuzzyMatchRatio": 54.54545454545454}, {"UncasedMatch": 0.0, "FuzzyMatchRatio": 63.41463414634146}, {"UncasedMatch": 1.0, "FuzzyMatchRatio": 96.2962962962963}, {"UncasedMatch": 0.0, "FuzzyMatchRatio": 30.76923076923077}, {"UncasedMatch": 0.0, "FuzzyMatchRatio": 22.22222222222222}, {"UncasedMatch": 0.0, "FuzzyMatchRatio": 25.0}, {"UncasedMatch": 0.0, "FuzzyMatchRatio": 62.857142857142854}, {"UncasedMatch": 0.0, "FuzzyMatchRatio": 31.57894736842105}, {"UncasedMatch": 1.0, "FuzzyMatchRatio": 95.23809523809523}, {"UncasedMatch": 0.0, "FuzzyMatchRatio": 41.666666666666664}, {"UncasedMatch": 1.0, "FuzzyMatchRatio": 95.65217391304348}, {"UncasedMatch": 0.0, "FuzzyMatchRatio": 50.98039215686274}, {"UncasedMatch": 1.0, "FuzzyMatchRatio": 96.2962962962963}, {"UncasedMatch": 0.0, "FuzzyMatchRatio": 22.22222222222222}, {"UncasedMatch": 0.0, "FuzzyMatchRatio": 19.999999999999996}, {"UncasedMatch": 0.0, "FuzzyMatchRatio": 26.923076923076927}, {"UncasedMatch": 1.0, "FuzzyMatchRatio": 95.65217391304348}, {"UncasedMatch": 0.0, "FuzzyMatchRatio": 31.999999999999996}, {"UncasedMatch": 1.0, "FuzzyMatchRatio": 96.0}, {"UncasedMatch": 0.0, "FuzzyMatchRatio": 45.45454545454546}, {"UncasedMatch": 0.0, "FuzzyMatchRatio": 66.66666666666667}, {"UncasedMatch": 1.0, "FuzzyMatchRatio": 95.23809523809523}, {"UncasedMatch": 0.0, "FuzzyMatchRatio": 31.88405797101449}, {"UncasedMatch": 0.0, "FuzzyMatchRatio": 31.57894736842105}, {"UncasedMatch": 1.0, "FuzzyMatchRatio": 95.23809523809523}, {"UncasedMatch": 0.0, "FuzzyMatchRatio": 43.99999999999999}, {"UncasedMatch": 1.0, "FuzzyMatchRatio": 95.23809523809523}, {"UncasedMatch": 0.0, "FuzzyMatchRatio": 42.10526315789473}, {"UncasedMatch": 1.0, "FuzzyMatchRatio": 95.23809523809523}, {"UncasedMatch": 0.0, "FuzzyMatchRatio": 21.53846153846154}, {"UncasedMatch": 0.0, "FuzzyMatchRatio": 75.0}, {"UncasedMatch": 1.0, "FuzzyMatchRatio": 96.0}, {"UncasedMatch": 0.0, "FuzzyMatchRatio": 21.052631578947366}, {"UncasedMatch": 1.0, "FuzzyMatchRatio": 96.0}, {"UncasedMatch": 0.0, "FuzzyMatchRatio": 44.44444444444444}, {"UncasedMatch": 0.0, "FuzzyMatchRatio": 51.85185185185186}]}}, {"Kuchiki": {"metric_descriptions": ["Uncased match: is the predicted response the same as the ground truth, ignoring character case", "Fuzzy Match: the normalized indel similarity between predicted and expected output"], "results": [{"UncasedMatch": 1.0, "FuzzyMatchRatio": 97.87234042553192}, {"UncasedMatch": 0.0, "FuzzyMatchRatio": 68.57142857142857}, {"UncasedMatch": 1.0, "FuzzyMatchRatio": 94.73684210526316}, {"UncasedMatch": 1.0, "FuzzyMatchRatio": 97.87234042553192}, {"UncasedMatch": 1.0, "FuzzyMatchRatio": 98.18181818181819}, {"UncasedMatch": 0.0, "FuzzyMatchRatio": 42.10526315789473}, {"UncasedMatch": 1.0, "FuzzyMatchRatio": 95.23809523809523}, {"UncasedMatch": 0.0, "FuzzyMatchRatio": 22.22222222222222}, {"UncasedMatch": 0.0, "FuzzyMatchRatio": 57.57575757575757}, {"UncasedMatch": 0.0, "FuzzyMatchRatio": 62.857142857142854}, {"UncasedMatch": 1.0, "FuzzyMatchRatio": 95.65217391304348}, {"UncasedMatch": 1.0, "FuzzyMatchRatio": 95.23809523809523}, {"UncasedMatch": 0.0, "FuzzyMatchRatio": 41.666666666666664}, {"UncasedMatch": 1.0, "FuzzyMatchRatio": 95.65217391304348}, {"UncasedMatch": 0.0, "FuzzyMatchRatio": 56.52173913043479}, {"UncasedMatch": 1.0, "FuzzyMatchRatio": 96.2962962962963}, {"UncasedMatch": 0.0, "FuzzyMatchRatio": 44.44444444444444}, {"UncasedMatch": 1.0, "FuzzyMatchRatio": 94.11764705882352}, {"UncasedMatch": 1.0, "FuzzyMatchRatio": 95.65217391304348}, {"UncasedMatch": 0.0, "FuzzyMatchRatio": 66.66666666666667}, {"UncasedMatch": 0.0, "FuzzyMatchRatio": 13.33333333333333}, {"UncasedMatch": 1.0, "FuzzyMatchRatio": 96.0}, {"UncasedMatch": 0.0, "FuzzyMatchRatio": 33.333333333333336}, {"UncasedMatch": 0.0, "FuzzyMatchRatio": 66.66666666666667}, {"UncasedMatch": 1.0, "FuzzyMatchRatio": 95.23809523809523}, {"UncasedMatch": 1.0, "FuzzyMatchRatio": 95.65217391304348}, {"UncasedMatch": 0.0, "FuzzyMatchRatio": 31.57894736842105}, {"UncasedMatch": 1.0, "FuzzyMatchRatio": 95.23809523809523}, {"UncasedMatch": 0.0, "FuzzyMatchRatio": 39.08045977011494}, {"UncasedMatch": 1.0, "FuzzyMatchRatio": 95.23809523809523}, {"UncasedMatch": 1.0, "FuzzyMatchRatio": 95.23809523809523}, {"UncasedMatch": 1.0, "FuzzyMatchRatio": 95.23809523809523}, {"UncasedMatch": 0.0, "FuzzyMatchRatio": 75.0}, {"UncasedMatch": 0.0, "FuzzyMatchRatio": 50.0}, {"UncasedMatch": 1.0, "FuzzyMatchRatio": 96.0}, {"UncasedMatch": 1.0, "FuzzyMatchRatio": 96.0}, {"UncasedMatch": 0.0, "FuzzyMatchRatio": 29.78723404255319}, {"UncasedMatch": 0.0, "FuzzyMatchRatio": 31.999999999999996}, {"UncasedMatch": 0.0, "FuzzyMatchRatio": 32.25806451612904}]}}, {"BioMistral 7b": {"metric_descriptions": ["Uncased match: is the predicted response the same as the ground truth, ignoring character case", "Fuzzy Match: the normalized indel similarity between predicted and expected output"], "results": [{"UncasedMatch": 0.0, "FuzzyMatchRatio": 54.54545454545454}, {"UncasedMatch": 0.0, "FuzzyMatchRatio": 48.0}, {"UncasedMatch": 0.0, "FuzzyMatchRatio": 38.095238095238095}, {"UncasedMatch": 1.0, "FuzzyMatchRatio": 97.87234042553192}, {"UncasedMatch": 0.0, "FuzzyMatchRatio": 62.745098039215684}, {"UncasedMatch": 1.0, "FuzzyMatchRatio": 96.2962962962963}, {"UncasedMatch": 0.0, "FuzzyMatchRatio": 54.54545454545454}, {"UncasedMatch": 0.0, "FuzzyMatchRatio": 23.076923076923073}, {"UncasedMatch": 0.0, "FuzzyMatchRatio": 61.111111111111114}, {"UncasedMatch": 0.0, "FuzzyMatchRatio": 62.857142857142854}, {"UncasedMatch": 0.0, "FuzzyMatchRatio": 31.57894736842105}, {"UncasedMatch": 1.0, "FuzzyMatchRatio": 95.23809523809523}, {"UncasedMatch": 0.0, "FuzzyMatchRatio": 41.666666666666664}, {"UncasedMatch": 0.0, "FuzzyMatchRatio": 66.66666666666667}, {"UncasedMatch": 1.0, "FuzzyMatchRatio": 96.2962962962963}, {"UncasedMatch": 1.0, "FuzzyMatchRatio": 96.2962962962963}, {"UncasedMatch": 0.0, "FuzzyMatchRatio": 38.095238095238095}, {"UncasedMatch": 1.0, "FuzzyMatchRatio": 94.11764705882352}, {"UncasedMatch": 0.0, "FuzzyMatchRatio": 64.70588235294117}, {"UncasedMatch": 1.0, "FuzzyMatchRatio": 95.65217391304348}, {"UncasedMatch": 0.0, "FuzzyMatchRatio": 58.33333333333333}, {"UncasedMatch": 0.0, "FuzzyMatchRatio": 52.17391304347826}, {"UncasedMatch": 0.0, "FuzzyMatchRatio": 52.63157894736843}, {"UncasedMatch": 0.0, "FuzzyMatchRatio": 31.57894736842105}, {"UncasedMatch": 0.0, "FuzzyMatchRatio": 64.51612903225806}, {"UncasedMatch": 1.0, "FuzzyMatchRatio": 95.65217391304348}, {"UncasedMatch": 1.0, "FuzzyMatchRatio": 95.23809523809523}, {"UncasedMatch": 1.0, "FuzzyMatchRatio": 95.23809523809523}, {"UncasedMatch": 0.0, "FuzzyMatchRatio": 44.44444444444444}, {"UncasedMatch": 0.0, "FuzzyMatchRatio": 50.0}, {"UncasedMatch": 0.0, "FuzzyMatchRatio": 64.51612903225806}, {"UncasedMatch": 0.0, "FuzzyMatchRatio": 80.0}, {"UncasedMatch": 0.0, "FuzzyMatchRatio": 50.0}, {"UncasedMatch": 0.0, "FuzzyMatchRatio": 75.0}, {"UncasedMatch": 0.0, "FuzzyMatchRatio": 30.76923076923077}, {"UncasedMatch": 1.0, "FuzzyMatchRatio": 96.0}, {"UncasedMatch": 0.0, "FuzzyMatchRatio": 86.95652173913044}, {"UncasedMatch": 0.0, "FuzzyMatchRatio": 27.77777777777778}, {"UncasedMatch": 0.0, "FuzzyMatchRatio": 29.629629629629626}]}}, {"Airobouros 3B": {"metric_descriptions": ["Uncased match: is the predicted response the same as the ground truth, ignoring character case", "Fuzzy Match: the normalized indel similarity between predicted and expected output"], "results": [{"UncasedMatch": 0.0, "FuzzyMatchRatio": 70.27027027027026}, {"UncasedMatch": 1.0, "FuzzyMatchRatio": 96.0}, {"UncasedMatch": 1.0, "FuzzyMatchRatio": 94.73684210526316}, {"UncasedMatch": 0.0, "FuzzyMatchRatio": 70.27027027027026}, {"UncasedMatch": 0.0, "FuzzyMatchRatio": 63.41463414634146}, {"UncasedMatch": 1.0, "FuzzyMatchRatio": 96.2962962962963}, {"UncasedMatch": 0.0, "FuzzyMatchRatio": 66.66666666666667}, {"UncasedMatch": 0.0, "FuzzyMatchRatio": 52.17391304347826}, {"UncasedMatch": 0.0, "FuzzyMatchRatio": 31.372549019607842}, {"UncasedMatch": 0.0, "FuzzyMatchRatio": 62.857142857142854}, {"UncasedMatch": 0.0, "FuzzyMatchRatio": 31.57894736842105}, {"UncasedMatch": 1.0, "FuzzyMatchRatio": 95.23809523809523}, {"UncasedMatch": 0.0, "FuzzyMatchRatio": 27.27272727272727}, {"UncasedMatch": 1.0, "FuzzyMatchRatio": 95.65217391304348}, {"UncasedMatch": 0.0, "FuzzyMatchRatio": 63.41463414634146}, {"UncasedMatch": 0.0, "FuzzyMatchRatio": 30.76923076923077}, {"UncasedMatch": 0.0, "FuzzyMatchRatio": 16.000000000000004}, {"UncasedMatch": 1.0, "FuzzyMatchRatio": 94.11764705882352}, {"UncasedMatch": 0.0, "FuzzyMatchRatio": 38.095238095238095}, {"UncasedMatch": 0.0, "FuzzyMatchRatio": 30.508474576271183}, {"UncasedMatch": 0.0, "FuzzyMatchRatio": 19.999999999999996}, {"UncasedMatch": 1.0, "FuzzyMatchRatio": 96.0}, {"UncasedMatch": 0.0, "FuzzyMatchRatio": 38.46153846153846}, {"UncasedMatch": 0.0, "FuzzyMatchRatio": 43.47826086956522}, {"UncasedMatch": 1.0, "FuzzyMatchRatio": 95.23809523809523}, {"UncasedMatch": 1.0, "FuzzyMatchRatio": 95.65217391304348}, {"UncasedMatch": 1.0, "FuzzyMatchRatio": 95.23809523809523}, {"UncasedMatch": 1.0, "FuzzyMatchRatio": 95.23809523809523}, {"UncasedMatch": 0.0, "FuzzyMatchRatio": 44.44444444444444}, {"UncasedMatch": 0.0, "FuzzyMatchRatio": 19.999999999999996}, {"UncasedMatch": 1.0, "FuzzyMatchRatio": 95.23809523809523}, {"UncasedMatch": 0.0, "FuzzyMatchRatio": 25.0}, {"UncasedMatch": 0.0, "FuzzyMatchRatio": 80.0}, {"UncasedMatch": 0.0, "FuzzyMatchRatio": 60.0}, {"UncasedMatch": 1.0, "FuzzyMatchRatio": 96.0}, {"UncasedMatch": 0.0, "FuzzyMatchRatio": 42.10526315789473}, {"UncasedMatch": 0.0, "FuzzyMatchRatio": 31.11111111111111}, {"UncasedMatch": 0.0, "FuzzyMatchRatio": 35.71428571428571}, {"UncasedMatch": 0.0, "FuzzyMatchRatio": 31.999999999999996}]}}, {"Llama 3.1 8b": {"metric_descriptions": ["Uncased match: is the predicted response the same as the ground truth, ignoring character case", "Fuzzy Match: the normalized indel similarity between predicted and expected output"], "results": [{"UncasedMatch": 0.0, "FuzzyMatchRatio": 68.42105263157895}, {"UncasedMatch": 0.0, "FuzzyMatchRatio": 66.66666666666667}, {"UncasedMatch": 1.0, "FuzzyMatchRatio": 94.73684210526316}, {"UncasedMatch": 0.0, "FuzzyMatchRatio": 52.94117647058824}, {"UncasedMatch": 0.0, "FuzzyMatchRatio": 75.55555555555556}, {"UncasedMatch": 1.0, "FuzzyMatchRatio": 96.2962962962963}, {"UncasedMatch": 1.0, "FuzzyMatchRatio": 95.23809523809523}, {"UncasedMatch": 0.0, "FuzzyMatchRatio": 52.17391304347826}, {"UncasedMatch": 0.0, "FuzzyMatchRatio": 59.45945945945945}, {"UncasedMatch": 0.0, "FuzzyMatchRatio": 62.857142857142854}, {"UncasedMatch": 1.0, "FuzzyMatchRatio": 95.65217391304348}, {"UncasedMatch": 1.0, "FuzzyMatchRatio": 95.23809523809523}, {"UncasedMatch": 0.0, "FuzzyMatchRatio": 38.095238095238095}, {"UncasedMatch": 1.0, "FuzzyMatchRatio": 95.65217391304348}, {"UncasedMatch": 0.0, "FuzzyMatchRatio": 59.09090909090908}, {"UncasedMatch": 1.0, "FuzzyMatchRatio": 96.2962962962963}, {"UncasedMatch": 0.0, "FuzzyMatchRatio": 11.111111111111116}, {"UncasedMatch": 1.0, "FuzzyMatchRatio": 94.11764705882352}, {"UncasedMatch": 1.0, "FuzzyMatchRatio": 91.66666666666666}, {"UncasedMatch": 1.0, "FuzzyMatchRatio": 95.65217391304348}, {"UncasedMatch": 0.0, "FuzzyMatchRatio": 17.391304347826086}, {"UncasedMatch": 1.0, "FuzzyMatchRatio": 96.0}, {"UncasedMatch": 0.0, "FuzzyMatchRatio": 85.71428571428572}, {"UncasedMatch": 1.0, "FuzzyMatchRatio": 95.23809523809523}, {"UncasedMatch": 1.0, "FuzzyMatchRatio": 95.23809523809523}, {"UncasedMatch": 1.0, "FuzzyMatchRatio": 95.65217391304348}, {"UncasedMatch": 1.0, "FuzzyMatchRatio": 95.23809523809523}, {"UncasedMatch": 1.0, "FuzzyMatchRatio": 95.23809523809523}, {"UncasedMatch": 0.0, "FuzzyMatchRatio": 44.44444444444444}, {"UncasedMatch": 1.0, "FuzzyMatchRatio": 95.23809523809523}, {"UncasedMatch": 1.0, "FuzzyMatchRatio": 95.23809523809523}, {"UncasedMatch": 1.0, "FuzzyMatchRatio": 95.23809523809523}, {"UncasedMatch": 0.0, "FuzzyMatchRatio": 75.0}, {"UncasedMatch": 0.0, "FuzzyMatchRatio": 75.0}, {"UncasedMatch": 0.0, "FuzzyMatchRatio": 38.095238095238095}, {"UncasedMatch": 1.0, "FuzzyMatchRatio": 92.3076923076923}, {"UncasedMatch": 1.0, "FuzzyMatchRatio": 96.0}, {"UncasedMatch": 0.0, "FuzzyMatchRatio": 44.44444444444444}, {"UncasedMatch": 0.0, "FuzzyMatchRatio": 74.07407407407408}]}}]}]