citer,cited
http://zotero.org/users/local/ceLYcASR/items/5AJYXVVC,http://zotero.org/users/local/ceLYcASR/items/SI37QJ62
http://zotero.org/users/local/ceLYcASR/items/W89EV3AU,http://zotero.org/users/local/ceLYcASR/items/F5VY36FN
http://zotero.org/users/local/ceLYcASR/items/W89EV3AU,http://zotero.org/users/local/ceLYcASR/items/5AJYXVVC
http://zotero.org/users/local/ceLYcASR/items/EHAQ2LZQ,http://zotero.org/users/local/ceLYcASR/items/5AJYXVVC
http://zotero.org/users/local/ceLYcASR/items/QZ9ZKPY9,http://zotero.org/users/local/ceLYcASR/items/5AJYXVVC
http://zotero.org/users/local/ceLYcASR/items/QZ9ZKPY9,http://zotero.org/users/local/ceLYcASR/items/SI37QJ62
http://zotero.org/users/local/ceLYcASR/items/QZ9ZKPY9,http://zotero.org/users/local/ceLYcASR/items/W89EV3AU
http://zotero.org/users/local/ceLYcASR/items/QZ9ZKPY9,http://zotero.org/users/local/ceLYcASR/items/EHAQ2LZQ
