[
	{
		"id": "http://zotero.org/users/local/ceLYcASR/items/P27NWJ9A",
		"type": "document",
		"title": "2502.15702v1"
	},
	{
		"id": "http://zotero.org/users/local/ceLYcASR/items/5M9EANUG",
		"type": "article-journal",
		"abstract": "Systematic reviews (SRs) inform evidence-based decision making. Yet, they take over a year to complete, are prone to human error, and face challenges with reproducibility; limiting access to timely and reliable information. We developed otto-SR, an end-to-end agentic workflow using large language models (LLMs) to support and automate the SR workflow from initial search to analysis. We found that otto-SR outperformed traditional dual human workflows in SR screening (otto-SR: 96.7% sensitivity, 97.9% specificity; human: 81.7% sensitivity, 98.1% specificity) and data extraction (otto-SR: 93.1% accuracy; human: 79.7% accuracy). Using otto-SR, we reproduced and updated an entire issue of Cochrane reviews (n=12) in two days, representing approximately 12 work-years of traditional systematic review work. Across Cochrane reviews, otto-SR incorrectly excluded a median of 0 studies (IQR 0 to 0.25), and found a median of 2.0 (IQR 1 to 6.5) eligible studies likely missed by the original authors. Meta-analyses revealed that otto-SR generated newly statistically significant conclusions in 2 reviews and negated significance in 1 review. These findings demonstrate that LLMs can autonomously conduct and update systematic reviews with superhuman performance, laying the foundation for automated, scalable, and reliable evidence synthesis.",
		"language": "en",
		"source": "Zotero",
		"title": "Automation of Systematic Reviews with Large Language Models",
		"author": [
			{
				"family": "Cao",
				"given": "Christian"
			},
			{
				"family": "Arora",
				"given": "Rohit"
			},
			{
				"family": "Cento",
				"given": "Paul"
			},
			{
				"family": "Manta",
				"given": "Katherine"
			},
			{
				"family": "Farahani",
				"given": "Elina"
			},
			{
				"family": "Cecere",
				"given": "Matthew"
			},
			{
				"family": "Sang",
				"given": "Jason"
			},
			{
				"family": "Gong",
				"given": "Ling Xi"
			},
			{
				"family": "Kloosterman",
				"given": "Robert"
			},
			{
				"family": "Jiang",
				"given": "Scott"
			},
			{
				"family": "Saleh",
				"given": "Richard"
			},
			{
				"family": "Margalik",
				"given": "Denis"
			},
			{
				"family": "Lin",
				"given": "James"
			},
			{
				"family": "Jomy",
				"given": "Jane"
			},
			{
				"family": "Xie",
				"given": "Jerry"
			},
			{
				"family": "Chen",
				"given": "David"
			},
			{
				"family": "Gorla",
				"given": "Jaswanth"
			},
			{
				"family": "Lee",
				"given": "Sylvia"
			},
			{
				"family": "Zhang",
				"given": "Kelvin"
			},
			{
				"family": "Ware",
				"given": "Harriet"
			},
			{
				"family": "Whelan",
				"given": "Mairead"
			},
			{
				"family": "Teja",
				"given": "Bijan"
			},
			{
				"family": "Leung",
				"given": "Alexander A"
			},
			{
				"family": "Ghosn",
				"given": "Lina"
			},
			{
				"family": "Arora",
				"given": "Rahul K"
			},
			{
				"family": "Noetel",
				"given": "Michael"
			},
			{
				"family": "Emerson",
				"given": "David B"
			},
			{
				"family": "Boutron",
				"given": "Isabelle"
			},
			{
				"family": "Moher",
				"given": "David"
			},
			{
				"family": "Church",
				"given": "George"
			},
			{
				"family": "Bobrovitz",
				"given": "Niklas"
			}
		]
	},
	{
		"id": "http://zotero.org/users/local/ceLYcASR/items/5I2MEAWR",
		"type": "article",
		"abstract": "Retrieval-Augmented Generation (RAG) represents a major advancement in natural language processing (NLP), combining large language models (LLMs) with information retrieval systems to enhance factual grounding, accuracy, and contextual relevance. This paper presents a comprehensive systematic review of RAG, tracing its evolution from early developments in open-domain question answering to recent state-of-the-art implementations across diverse applications. The review begins by outlining the motivations behind RAG, particularly its ability to mitigate hallucinations and outdated knowledge in parametric models. Core technical components—retrieval mechanisms, sequence-to-sequence generation models, and fusion strategies—are examined in detail. A year-by-year analysis highlights key milestones and research trends, providing insight into RAG’s rapid growth. The paper further explores the deployment of RAG in enterprise systems, addressing practical challenges related to retrieval of proprietary data, security, and scalability. A comparative evaluation of RAG implementations is conducted, benchmarking performance on retrieval accuracy, generation fluency, latency, and computational efficiency. Persistent challenges such as retrieval quality, privacy concerns, and integration overhead are critically assessed. Finally, the review highlights emerging solutions, including hybrid retrieval approaches, privacy-preserving techniques, optimized fusion strategies, and agentic RAG architectures. These innovations point toward a future of more reliable, efficient, and context-aware knowledge-intensive NLP systems.",
		"DOI": "10.48550/arXiv.2507.18910",
		"language": "en",
		"note": "arXiv:2507.18910 [cs]",
		"number": "arXiv:2507.18910",
		"publisher": "arXiv",
		"source": "arXiv.org",
		"title": "A Systematic Review of Key Retrieval-Augmented Generation (RAG) Systems: Progress, Gaps, and Future Directions",
		"title-short": "A Systematic Review of Key Retrieval-Augmented Generation (RAG) Systems",
		"URL": "http://arxiv.org/abs/2507.18910",
		"author": [
			{
				"family": "Oche",
				"given": "Agada Joseph"
			},
			{
				"family": "Folashade",
				"given": "Ademola Glory"
			},
			{
				"family": "Ghosal",
				"given": "Tirthankar"
			},
			{
				"family": "Biswas",
				"given": "Arpan"
			}
		],
		"accessed": {
			"date-parts": [
				[
					"2025",
					8,
					22
				]
			]
		},
		"issued": {
			"date-parts": [
				[
					"2025",
					7,
					25
				]
			]
		}
	},
	{
		"id": "http://zotero.org/users/local/ceLYcASR/items/EFQ88A4N",
		"type": "article",
		"abstract": "This systematic review of the research literature on retrieval-augmented generation (RAG) provides a focused analysis of the most highly cited studies published between 2020 and May 2025. A total of 128 articles met our inclusion criteria. The records were retrieved from ACM Digital Library, IEEE Xplore, Scopus, ScienceDirect, and the Digital Bibliography and Library Project (DBLP). RAG couples a neural retriever with a generative language model, grounding output in upto-date, non-parametric memory while retaining the semantic generalisation stored in model weights. Guided by the PRISMA 2020 framework, we (i) specify explicit inclusion and exclusion criteria based on citation count and research questions, (ii) catalogue datasets, architectures, and evaluation practices, and (iii) synthesise empirical evidence on the effectiveness and limitations of RAG. To mitigate citation-lag bias, we applied a lower citationcount threshold to papers published in 2025 so that emerging breakthroughs with naturally fewer citations were still captured. This review clarifies the current research landscape, highlights methodological gaps, and charts priority directions for future research. This work has been submitted to the IEEE for possible publication. Copyright may be transferred without notice, after which this version may no longer be accessible.",
		"DOI": "10.48550/arXiv.2508.06401",
		"language": "en",
		"note": "arXiv:2508.06401 [cs]",
		"number": "arXiv:2508.06401",
		"publisher": "arXiv",
		"source": "arXiv.org",
		"title": "A Systematic Literature Review of Retrieval-Augmented Generation: Techniques, Metrics, and Challenges",
		"title-short": "A Systematic Literature Review of Retrieval-Augmented Generation",
		"URL": "http://arxiv.org/abs/2508.06401",
		"author": [
			{
				"family": "Brown",
				"given": "Andrew"
			},
			{
				"family": "Roman",
				"given": "Muhammad"
			},
			{
				"family": "Devereux",
				"given": "Barry"
			}
		],
		"accessed": {
			"date-parts": [
				[
					"2025",
					8,
					22
				]
			]
		},
		"issued": {
			"date-parts": [
				[
					"2025",
					8,
					15
				]
			]
		}
	},
	{
		"id": "http://zotero.org/users/local/ceLYcASR/items/ZWGZAC4T",
		"type": "article-journal",
		"abstract": "The eighth meeting of the International Collaboration for the Automation of Systematic Reviews (ICASR) was held on September 7 and 8, 2023, at the University College London, London, England. ICASR is an interdisciplinary group whose goal is to maximize the use of technology for conducting rapid, accurate, and efficient evidence synthesis, e.g., systematic reviews, evidence maps, and scoping reviews of scientific evidence. In 2023, the major themes discussed were understanding the benefits and harms of automation tools that have become available in recent years, the advantages and disadvantages of large language models in evidence synthesis, and approaches to ensuring the validity of tools for the proposed task.",
		"container-title": "Systematic Reviews",
		"DOI": "10.1186/s13643-024-02666-2",
		"ISSN": "2046-4053",
		"issue": "1",
		"journalAbbreviation": "Syst Rev",
		"language": "en",
		"page": "290",
		"source": "DOI.org (Crossref)",
		"title": "Large language models, updates, and evaluation of automation tools for systematic reviews: a summary of significant discussions at the eighth meeting of the International Collaboration for the Automation of Systematic Reviews (ICASR)",
		"title-short": "Large language models, updates, and evaluation of automation tools for systematic reviews",
		"URL": "https://systematicreviewsjournal.biomedcentral.com/articles/10.1186/s13643-024-02666-2",
		"volume": "13",
		"author": [
			{
				"family": "O’Connor",
				"given": "Annette M."
			},
			{
				"family": "Clark",
				"given": "Justin"
			},
			{
				"family": "Thomas",
				"given": "James"
			},
			{
				"family": "Spijker",
				"given": "René"
			},
			{
				"family": "Kusa",
				"given": "Wojciech"
			},
			{
				"family": "Walker",
				"given": "Vickie R."
			},
			{
				"family": "Bond",
				"given": "Melissa"
			}
		],
		"accessed": {
			"date-parts": [
				[
					"2025",
					8,
					22
				]
			]
		},
		"issued": {
			"date-parts": [
				[
					"2024",
					11,
					27
				]
			]
		}
	},
	{
		"id": "http://zotero.org/users/local/ceLYcASR/items/6V8QT4DJ",
		"type": "article-journal",
		"abstract": "This study examines Retrieval-Augmented Generation (RAG) in large language models (LLMs) and their significant application for undertaking systematic literature reviews (SLRs). RAG-based LLMs can potentially automate tasks like data extraction, summarization, and trend identification. However, while LLMs are exceptionally proficient in generating human-like text and interpreting complex linguistic nuances, their dependence on static, pre-trained knowledge can result in inaccuracies and hallucinations. RAG mitigates these limitations by integrating LLMs’ generative capabilities with the precision of real-time information retrieval. We review in detail the three key processes of the RAG framework—retrieval, augmentation, and generation. We then discuss applications of RAG-based LLMs to SLR automation and highlight future research topics, including integration of domain-specific LLMs, multimodal data processing and generation, and utilization of multiple retrieval sources. We propose a framework of RAG-based LLMs for automating SRLs, which covers four stages of SLR process: literature search, literature screening, data extraction, and information synthesis. Future research aims to optimize the interaction between LLM selection, training strategies, RAG techniques, and prompt engineering to implement the proposed framework, with particular emphasis on the retrieval of information from individual scientific papers and the integration of these data to produce outputs addressing various aspects such as current status, existing gaps, and emerging trends.",
		"container-title": "Applied Sciences",
		"DOI": "10.3390/app14199103",
		"ISSN": "2076-3417",
		"issue": "19",
		"journalAbbreviation": "Applied Sciences",
		"language": "en",
		"license": "https://creativecommons.org/licenses/by/4.0/",
		"page": "9103",
		"source": "DOI.org (Crossref)",
		"title": "Automating Systematic Literature Reviews with Retrieval-Augmented Generation: A Comprehensive Overview",
		"title-short": "Automating Systematic Literature Reviews with Retrieval-Augmented Generation",
		"URL": "https://www.mdpi.com/2076-3417/14/19/9103",
		"volume": "14",
		"author": [
			{
				"family": "Han",
				"given": "Binglan"
			},
			{
				"family": "Susnjak",
				"given": "Teo"
			},
			{
				"family": "Mathrani",
				"given": "Anuradha"
			}
		],
		"accessed": {
			"date-parts": [
				[
					"2025",
					8,
					22
				]
			]
		},
		"issued": {
			"date-parts": [
				[
					"2024",
					10,
					9
				]
			]
		}
	},
	{
		"id": "http://zotero.org/users/local/ceLYcASR/items/G9YPV55Y",
		"type": "article-journal",
		"abstract": "Background Systematic reviews (SRs) are essential to formulate evidence-based guidelines but require timeconsuming and costly literature screening. Large Language Models (LLMs) can be a powerful tool to expedite SRs.\nMethods We conducted a comparative study to evaluate the performance of a commercial tool, Rayyan, and an in-house LLM-based system in automating the screening of a completed SR on Vitamin D and falls. The SR retrieved 14,439 articles, and Rayyan was trained with 2,000 manually screened articles to categorize the rest as most likely to exclude/include, likely to exclude/include and undecided. We analyzed Rayyan’s title/abstract screening performance using different inclusion thresholds. For the LLM, we used prompt engineering for title/abstract screening and Retrieval-Augmented Generation (RAG) for full-text screening. We evaluated performance using article exclusion rate (AER), false negative rate (FNR), specificity, positive predictive value (PPV), and negative predictive value (NPV). Additionally, we compared the time required to complete screening steps of the SR using both approaches against the manual screening method.\nResults Using Rayyan, including considered as undecided or likely to include for title/abstract screening resulted in an AER of 72.1% and an FNR of 5%. The total estimated screening time, including manual review of articles flagged by Rayyan, was 54.7 hours. Lowering the Rayyan threshold to ‘likely to exclude’ reduced the FNR to 0% and the AER to 50.7%, but increased the screening time to 81.3 h. Using the LLM system, after title/abstract and full-text screening, 78 articles remained for manual review, including all 20 identified by traditional methods. The LLM achieved an AER of 99.5%, specificity of 99.6%, PPV of 25.6%, and NPV of 100%, with a total screening time of 25.5 h, including manual review of the 78 articles, reducing the manual screening time by 95.5%.\nConclusions The LLM-based system significantly enhances SR efficiency, compared to manual methods and Rayyan while maintaining low FNR.",
		"container-title": "BMC Medical Research Methodology",
		"DOI": "10.1186/s12874-025-02583-5",
		"ISSN": "1471-2288",
		"issue": "1",
		"journalAbbreviation": "BMC Med Res Methodol",
		"language": "en",
		"page": "130",
		"source": "DOI.org (Crossref)",
		"title": "Streamlining systematic reviews with large language models using prompt engineering and retrieval augmented generation",
		"URL": "https://bmcmedresmethodol.biomedcentral.com/articles/10.1186/s12874-025-02583-5",
		"volume": "25",
		"author": [
			{
				"family": "Trad",
				"given": "Fouad"
			},
			{
				"family": "Yammine",
				"given": "Ryan"
			},
			{
				"family": "Charafeddine",
				"given": "Jana"
			},
			{
				"family": "Chakhtoura",
				"given": "Marlene"
			},
			{
				"family": "Rahme",
				"given": "Maya"
			},
			{
				"family": "El-Hajj Fuleihan",
				"given": "Ghada"
			},
			{
				"family": "Chehab",
				"given": "Ali"
			}
		],
		"accessed": {
			"date-parts": [
				[
					"2025",
					8,
					22
				]
			]
		},
		"issued": {
			"date-parts": [
				[
					"2025",
					5,
					10
				]
			]
		}
	},
	{
		"id": "http://zotero.org/users/local/ceLYcASR/items/G43CC5XQ",
		"type": "article",
		"abstract": "The dominant sequence transduction models are based on complex recurrent or convolutional neural networks in an encoder-decoder configuration. The best performing models also connect the encoder and decoder through an attention mechanism. We propose a new simple network architecture, the Transformer, based solely on attention mechanisms, dispensing with recurrence and convolutions entirely. Experiments on two machine translation tasks show these models to be superior in quality while being more parallelizable and requiring significantly less time to train. Our model achieves 28.4 BLEU on the WMT 2014 English-to-German translation task, improving over the existing best results, including ensembles by over 2 BLEU. On the WMT 2014 English-to-French translation task, our model establishes a new single-model state-of-the-art BLEU score of 41.8 after training for 3.5 days on eight GPUs, a small fraction of the training costs of the best models from the literature. We show that the Transformer generalizes well to other tasks by applying it successfully to English constituency parsing both with large and limited training data.",
		"DOI": "10.48550/ARXIV.1706.03762",
		"license": "arXiv.org perpetual, non-exclusive license",
		"note": "version: 7",
		"publisher": "arXiv",
		"source": "DOI.org (Datacite)",
		"title": "Attention Is All You Need",
		"URL": "https://arxiv.org/abs/1706.03762",
		"author": [
			{
				"family": "Vaswani",
				"given": "Ashish"
			},
			{
				"family": "Shazeer",
				"given": "Noam"
			},
			{
				"family": "Parmar",
				"given": "Niki"
			},
			{
				"family": "Uszkoreit",
				"given": "Jakob"
			},
			{
				"family": "Jones",
				"given": "Llion"
			},
			{
				"family": "Gomez",
				"given": "Aidan N."
			},
			{
				"family": "Kaiser",
				"given": "Lukasz"
			},
			{
				"family": "Polosukhin",
				"given": "Illia"
			}
		],
		"accessed": {
			"date-parts": [
				[
					"2025",
					8,
					24
				]
			]
		},
		"issued": {
			"date-parts": [
				[
					"2017"
				]
			]
		}
	},
	{
		"id": "http://zotero.org/users/local/ceLYcASR/items/F5VY36FN",
		"type": "article",
		"abstract": "We introduce a new language representation model called BERT, which stands for Bidirectional Encoder Representations from Transformers. Unlike recent language representation models, BERT is designed to pre-train deep bidirectional representations from unlabeled text by jointly conditioning on both left and right context in all layers. As a result, the pre-trained BERT model can be fine-tuned with just one additional output layer to create state-of-the-art models for a wide range of tasks, such as question answering and language inference, without substantial task-specific architecture modifications. BERT is conceptually simple and empirically powerful. It obtains new state-of-the-art results on eleven natural language processing tasks, including pushing the GLUE score to 80.5% (7.7% point absolute improvement), MultiNLI accuracy to 86.7% (4.6% absolute improvement), SQuAD v1.1 question answering Test F1 to 93.2 (1.5 point absolute improvement) and SQuAD v2.0 Test F1 to 83.1 (5.1 point absolute improvement).",
		"DOI": "10.48550/ARXIV.1810.04805",
		"license": "arXiv.org perpetual, non-exclusive license",
		"note": "version: 2",
		"publisher": "arXiv",
		"source": "DOI.org (Datacite)",
		"title": "BERT: Pre-training of Deep Bidirectional Transformers for Language Understanding",
		"title-short": "BERT",
		"URL": "https://arxiv.org/abs/1810.04805",
		"author": [
			{
				"family": "Devlin",
				"given": "Jacob"
			},
			{
				"family": "Chang",
				"given": "Ming-Wei"
			},
			{
				"family": "Lee",
				"given": "Kenton"
			},
			{
				"family": "Toutanova",
				"given": "Kristina"
			}
		],
		"accessed": {
			"date-parts": [
				[
					"2025",
					8,
					24
				]
			]
		},
		"issued": {
			"date-parts": [
				[
					"2018"
				]
			]
		}
	},
	{
		"id": "http://zotero.org/users/local/ceLYcASR/items/5AJYXVVC",
		"type": "article",
		"abstract": "Language model pretraining has led to significant performance gains but careful comparison between different approaches is challenging. Training is computationally expensive, often done on private datasets of different sizes, and, as we will show, hyperparameter choices have significant impact on the final results. We present a replication study of BERT pretraining (Devlin et al., 2019) that carefully measures the impact of many key hyperparameters and training data size. We find that BERT was significantly undertrained, and can match or exceed the performance of every model published after it. Our best model achieves state-of-the-art results on GLUE, RACE and SQuAD. These results highlight the importance of previously overlooked design choices, and raise questions about the source of recently reported improvements. We release our models and code.",
		"DOI": "10.48550/ARXIV.1907.11692",
		"license": "arXiv.org perpetual, non-exclusive license",
		"note": "version: 1",
		"publisher": "arXiv",
		"source": "DOI.org (Datacite)",
		"title": "RoBERTa: A Robustly Optimized BERT Pretraining Approach",
		"title-short": "RoBERTa",
		"URL": "https://arxiv.org/abs/1907.11692",
		"author": [
			{
				"family": "Liu",
				"given": "Yinhan"
			},
			{
				"family": "Ott",
				"given": "Myle"
			},
			{
				"family": "Goyal",
				"given": "Naman"
			},
			{
				"family": "Du",
				"given": "Jingfei"
			},
			{
				"family": "Joshi",
				"given": "Mandar"
			},
			{
				"family": "Chen",
				"given": "Danqi"
			},
			{
				"family": "Levy",
				"given": "Omer"
			},
			{
				"family": "Lewis",
				"given": "Mike"
			},
			{
				"family": "Zettlemoyer",
				"given": "Luke"
			},
			{
				"family": "Stoyanov",
				"given": "Veselin"
			}
		],
		"accessed": {
			"date-parts": [
				[
					"2025",
					8,
					24
				]
			]
		},
		"issued": {
			"date-parts": [
				[
					"2019"
				]
			]
		}
	},
	{
		"id": "http://zotero.org/users/local/ceLYcASR/items/SI37QJ62",
		"type": "article",
		"abstract": "With the capability of modeling bidirectional contexts, denoising autoencoding based pretraining like BERT achieves better performance than pretraining approaches based on autoregressive language modeling. However, relying on corrupting the input with masks, BERT neglects dependency between the masked positions and suffers from a pretrain-finetune discrepancy. In light of these pros and cons, we propose XLNet, a generalized autoregressive pretraining method that (1) enables learning bidirectional contexts by maximizing the expected likelihood over all permutations of the factorization order and (2) overcomes the limitations of BERT thanks to its autoregressive formulation. Furthermore, XLNet integrates ideas from Transformer-XL, the state-of-the-art autoregressive model, into pretraining. Empirically, under comparable experiment settings, XLNet outperforms BERT on 20 tasks, often by a large margin, including question answering, natural language inference, sentiment analysis, and document ranking.",
		"DOI": "10.48550/ARXIV.1906.08237",
		"license": "Creative Commons Attribution 4.0 International",
		"note": "version: 2",
		"publisher": "arXiv",
		"source": "DOI.org (Datacite)",
		"title": "XLNet: Generalized Autoregressive Pretraining for Language Understanding",
		"title-short": "XLNet",
		"URL": "https://arxiv.org/abs/1906.08237",
		"author": [
			{
				"family": "Yang",
				"given": "Zhilin"
			},
			{
				"family": "Dai",
				"given": "Zihang"
			},
			{
				"family": "Yang",
				"given": "Yiming"
			},
			{
				"family": "Carbonell",
				"given": "Jaime"
			},
			{
				"family": "Salakhutdinov",
				"given": "Ruslan"
			},
			{
				"family": "Le",
				"given": "Quoc V."
			}
		],
		"accessed": {
			"date-parts": [
				[
					"2025",
					8,
					24
				]
			]
		},
		"issued": {
			"date-parts": [
				[
					"2019"
				]
			]
		}
	},
	{
		"id": "http://zotero.org/users/local/ceLYcASR/items/5363JIVY",
		"type": "article",
		"abstract": "Transfer learning, where a model is first pre-trained on a data-rich task before being fine-tuned on a downstream task, has emerged as a powerful technique in natural language processing (NLP). The effectiveness of transfer learning has given rise to a diversity of approaches, methodology, and practice. In this paper, we explore the landscape of transfer learning techniques for NLP by introducing a unified framework that converts all text-based language problems into a text-to-text format. Our systematic study compares pre-training objectives, architectures, unlabeled data sets, transfer approaches, and other factors on dozens of language understanding tasks. By combining the insights from our exploration with scale and our new ``Colossal Clean Crawled Corpus'', we achieve state-of-the-art results on many benchmarks covering summarization, question answering, text classification, and more. To facilitate future work on transfer learning for NLP, we release our data set, pre-trained models, and code.",
		"DOI": "10.48550/ARXIV.1910.10683",
		"license": "arXiv.org perpetual, non-exclusive license",
		"note": "version: 4",
		"publisher": "arXiv",
		"source": "DOI.org (Datacite)",
		"title": "Exploring the Limits of Transfer Learning with a Unified Text-to-Text Transformer",
		"URL": "https://arxiv.org/abs/1910.10683",
		"author": [
			{
				"family": "Raffel",
				"given": "Colin"
			},
			{
				"family": "Shazeer",
				"given": "Noam"
			},
			{
				"family": "Roberts",
				"given": "Adam"
			},
			{
				"family": "Lee",
				"given": "Katherine"
			},
			{
				"family": "Narang",
				"given": "Sharan"
			},
			{
				"family": "Matena",
				"given": "Michael"
			},
			{
				"family": "Zhou",
				"given": "Yanqi"
			},
			{
				"family": "Li",
				"given": "Wei"
			},
			{
				"family": "Liu",
				"given": "Peter J."
			}
		],
		"accessed": {
			"date-parts": [
				[
					"2025",
					8,
					24
				]
			]
		},
		"issued": {
			"date-parts": [
				[
					"2019"
				]
			]
		}
	},
	{
		"id": "http://zotero.org/users/local/ceLYcASR/items/I5KQ6H29",
		"type": "article",
		"abstract": "We present BART, a denoising autoencoder for pretraining sequence-to-sequence models. BART is trained by (1) corrupting text with an arbitrary noising function, and (2) learning a model to reconstruct the original text. It uses a standard Tranformer-based neural machine translation architecture which, despite its simplicity, can be seen as generalizing BERT (due to the bidirectional encoder), GPT (with the left-to-right decoder), and many other more recent pretraining schemes. We evaluate a number of noising approaches, finding the best performance by both randomly shuffling the order of the original sentences and using a novel in-filling scheme, where spans of text are replaced with a single mask token. BART is particularly effective when fine tuned for text generation but also works well for comprehension tasks. It matches the performance of RoBERTa with comparable training resources on GLUE and SQuAD, achieves new state-of-the-art results on a range of abstractive dialogue, question answering, and summarization tasks, with gains of up to 6 ROUGE. BART also provides a 1.1 BLEU increase over a back-translation system for machine translation, with only target language pretraining. We also report ablation experiments that replicate other pretraining schemes within the BART framework, to better measure which factors most influence end-task performance.",
		"DOI": "10.48550/ARXIV.1910.13461",
		"license": "arXiv.org perpetual, non-exclusive license",
		"note": "version: 1",
		"publisher": "arXiv",
		"source": "DOI.org (Datacite)",
		"title": "BART: Denoising Sequence-to-Sequence Pre-training for Natural Language Generation, Translation, and Comprehension",
		"title-short": "BART",
		"URL": "https://arxiv.org/abs/1910.13461",
		"author": [
			{
				"family": "Lewis",
				"given": "Mike"
			},
			{
				"family": "Liu",
				"given": "Yinhan"
			},
			{
				"family": "Goyal",
				"given": "Naman"
			},
			{
				"family": "Ghazvininejad",
				"given": "Marjan"
			},
			{
				"family": "Mohamed",
				"given": "Abdelrahman"
			},
			{
				"family": "Levy",
				"given": "Omer"
			},
			{
				"family": "Stoyanov",
				"given": "Ves"
			},
			{
				"family": "Zettlemoyer",
				"given": "Luke"
			}
		],
		"accessed": {
			"date-parts": [
				[
					"2025",
					8,
					24
				]
			]
		},
		"issued": {
			"date-parts": [
				[
					"2019"
				]
			]
		}
	},
	{
		"id": "http://zotero.org/users/local/ceLYcASR/items/W89EV3AU",
		"type": "article",
		"abstract": "Increasing model size when pretraining natural language representations often results in improved performance on downstream tasks. However, at some point further model increases become harder due to GPU/TPU memory limitations and longer training times. To address these problems, we present two parameter-reduction techniques to lower memory consumption and increase the training speed of BERT. Comprehensive empirical evidence shows that our proposed methods lead to models that scale much better compared to the original BERT. We also use a self-supervised loss that focuses on modeling inter-sentence coherence, and show it consistently helps downstream tasks with multi-sentence inputs. As a result, our best model establishes new state-of-the-art results on the GLUE, RACE, and \\squad benchmarks while having fewer parameters compared to BERT-large. The code and the pretrained models are available at https://github.com/google-research/ALBERT.",
		"DOI": "10.48550/ARXIV.1909.11942",
		"license": "arXiv.org perpetual, non-exclusive license",
		"note": "version: 6",
		"publisher": "arXiv",
		"source": "DOI.org (Datacite)",
		"title": "ALBERT: A Lite BERT for Self-supervised Learning of Language Representations",
		"title-short": "ALBERT",
		"URL": "https://arxiv.org/abs/1909.11942",
		"author": [
			{
				"family": "Lan",
				"given": "Zhenzhong"
			},
			{
				"family": "Chen",
				"given": "Mingda"
			},
			{
				"family": "Goodman",
				"given": "Sebastian"
			},
			{
				"family": "Gimpel",
				"given": "Kevin"
			},
			{
				"family": "Sharma",
				"given": "Piyush"
			},
			{
				"family": "Soricut",
				"given": "Radu"
			}
		],
		"accessed": {
			"date-parts": [
				[
					"2025",
					8,
					24
				]
			]
		},
		"issued": {
			"date-parts": [
				[
					"2019"
				]
			]
		}
	},
	{
		"id": "http://zotero.org/users/local/ceLYcASR/items/FDRYRHXN",
		"type": "article",
		"abstract": "We present SpanBERT, a pre-training method that is designed to better represent and predict spans of text. Our approach extends BERT by (1) masking contiguous random spans, rather than random tokens, and (2) training the span boundary representations to predict the entire content of the masked span, without relying on the individual token representations within it. SpanBERT consistently outperforms BERT and our better-tuned baselines, with substantial gains on span selection tasks such as question answering and coreference resolution. In particular, with the same training data and model size as BERT-large, our single model obtains 94.6% and 88.7% F1 on SQuAD 1.1 and 2.0, respectively. We also achieve a new state of the art on the OntoNotes coreference resolution task (79.6\\% F1), strong performance on the TACRED relation extraction benchmark, and even show gains on GLUE.",
		"DOI": "10.48550/ARXIV.1907.10529",
		"license": "arXiv.org perpetual, non-exclusive license",
		"note": "version: 3",
		"publisher": "arXiv",
		"source": "DOI.org (Datacite)",
		"title": "SpanBERT: Improving Pre-training by Representing and Predicting Spans",
		"title-short": "SpanBERT",
		"URL": "https://arxiv.org/abs/1907.10529",
		"author": [
			{
				"family": "Joshi",
				"given": "Mandar"
			},
			{
				"family": "Chen",
				"given": "Danqi"
			},
			{
				"family": "Liu",
				"given": "Yinhan"
			},
			{
				"family": "Weld",
				"given": "Daniel S."
			},
			{
				"family": "Zettlemoyer",
				"given": "Luke"
			},
			{
				"family": "Levy",
				"given": "Omer"
			}
		],
		"accessed": {
			"date-parts": [
				[
					"2025",
					8,
					24
				]
			]
		},
		"issued": {
			"date-parts": [
				[
					"2019"
				]
			]
		}
	},
	{
		"id": "http://zotero.org/users/local/ceLYcASR/items/KM8Y2VT5",
		"type": "article",
		"abstract": "Masked language modeling (MLM) pre-training methods such as BERT corrupt the input by replacing some tokens with [MASK] and then train a model to reconstruct the original tokens. While they produce good results when transferred to downstream NLP tasks, they generally require large amounts of compute to be effective. As an alternative, we propose a more sample-efficient pre-training task called replaced token detection. Instead of masking the input, our approach corrupts it by replacing some tokens with plausible alternatives sampled from a small generator network. Then, instead of training a model that predicts the original identities of the corrupted tokens, we train a discriminative model that predicts whether each token in the corrupted input was replaced by a generator sample or not. Thorough experiments demonstrate this new pre-training task is more efficient than MLM because the task is defined over all input tokens rather than just the small subset that was masked out. As a result, the contextual representations learned by our approach substantially outperform the ones learned by BERT given the same model size, data, and compute. The gains are particularly strong for small models; for example, we train a model on one GPU for 4 days that outperforms GPT (trained using 30x more compute) on the GLUE natural language understanding benchmark. Our approach also works well at scale, where it performs comparably to RoBERTa and XLNet while using less than 1/4 of their compute and outperforms them when using the same amount of compute.",
		"DOI": "10.48550/ARXIV.2003.10555",
		"license": "arXiv.org perpetual, non-exclusive license",
		"note": "version: 1",
		"publisher": "arXiv",
		"source": "DOI.org (Datacite)",
		"title": "ELECTRA: Pre-training Text Encoders as Discriminators Rather Than Generators",
		"title-short": "ELECTRA",
		"URL": "https://arxiv.org/abs/2003.10555",
		"author": [
			{
				"family": "Clark",
				"given": "Kevin"
			},
			{
				"family": "Luong",
				"given": "Minh-Thang"
			},
			{
				"family": "Le",
				"given": "Quoc V."
			},
			{
				"family": "Manning",
				"given": "Christopher D."
			}
		],
		"accessed": {
			"date-parts": [
				[
					"2025",
					8,
					24
				]
			]
		},
		"issued": {
			"date-parts": [
				[
					"2020"
				]
			]
		}
	},
	{
		"id": "http://zotero.org/users/local/ceLYcASR/items/EHAQ2LZQ",
		"type": "article",
		"abstract": "Transformer-based models are unable to process long sequences due to their self-attention operation, which scales quadratically with the sequence length. To address this limitation, we introduce the Longformer with an attention mechanism that scales linearly with sequence length, making it easy to process documents of thousands of tokens or longer. Longformer's attention mechanism is a drop-in replacement for the standard self-attention and combines a local windowed attention with a task motivated global attention. Following prior work on long-sequence transformers, we evaluate Longformer on character-level language modeling and achieve state-of-the-art results on text8 and enwik8. In contrast to most prior work, we also pretrain Longformer and finetune it on a variety of downstream tasks. Our pretrained Longformer consistently outperforms RoBERTa on long document tasks and sets new state-of-the-art results on WikiHop and TriviaQA. We finally introduce the Longformer-Encoder-Decoder (LED), a Longformer variant for supporting long document generative sequence-to-sequence tasks, and demonstrate its effectiveness on the arXiv summarization dataset.",
		"DOI": "10.48550/ARXIV.2004.05150",
		"license": "arXiv.org perpetual, non-exclusive license",
		"note": "version: 2",
		"publisher": "arXiv",
		"source": "DOI.org (Datacite)",
		"title": "Longformer: The Long-Document Transformer",
		"title-short": "Longformer",
		"URL": "https://arxiv.org/abs/2004.05150",
		"author": [
			{
				"family": "Beltagy",
				"given": "Iz"
			},
			{
				"family": "Peters",
				"given": "Matthew E."
			},
			{
				"family": "Cohan",
				"given": "Arman"
			}
		],
		"accessed": {
			"date-parts": [
				[
					"2025",
					8,
					24
				]
			]
		},
		"issued": {
			"date-parts": [
				[
					"2020"
				]
			]
		}
	},
	{
		"id": "http://zotero.org/users/local/ceLYcASR/items/8Z4RTBP6",
		"type": "article-journal",
		"abstract": "Transformers-based models, such as BERT, have been one of the most successful deep learning models for NLP. Unfortunately, one of their core limitations is the quadratic dependency (mainly in terms of memory) on the sequence length due to their full attention mechanism. To remedy this, we propose, BigBird, a sparse attention mechanism that reduces this quadratic dependency to linear. We show that BigBird is a universal approximator of sequence functions and is Turing complete, thereby preserving these properties of the quadratic, full attention model. Along the way, our theoretical analysis reveals some of the benefits of having $O(1)$ global tokens (such as CLS), that attend to the entire sequence as part of the sparse attention mechanism. The proposed sparse attention can handle sequences of length up to 8x of what was previously possible using similar hardware. As a consequence of the capability to handle longer context, BigBird drastically improves performance on various NLP tasks such as question answering and summarization. We also propose novel applications to genomics data.",
		"DOI": "10.48550/ARXIV.2007.14062",
		"license": "arXiv.org perpetual, non-exclusive license",
		"note": "publisher: arXiv\nversion: 2",
		"source": "DOI.org (Datacite)",
		"title": "Big Bird: Transformers for Longer Sequences",
		"title-short": "Big Bird",
		"URL": "https://arxiv.org/abs/2007.14062",
		"author": [
			{
				"family": "Zaheer",
				"given": "Manzil"
			},
			{
				"family": "Guruganesh",
				"given": "Guru"
			},
			{
				"family": "Dubey",
				"given": "Avinava"
			},
			{
				"family": "Ainslie",
				"given": "Joshua"
			},
			{
				"family": "Alberti",
				"given": "Chris"
			},
			{
				"family": "Ontanon",
				"given": "Santiago"
			},
			{
				"family": "Pham",
				"given": "Philip"
			},
			{
				"family": "Ravula",
				"given": "Anirudh"
			},
			{
				"family": "Wang",
				"given": "Qifan"
			},
			{
				"family": "Yang",
				"given": "Li"
			},
			{
				"family": "Ahmed",
				"given": "Amr"
			}
		],
		"accessed": {
			"date-parts": [
				[
					"2025",
					8,
					24
				]
			]
		},
		"issued": {
			"date-parts": [
				[
					"2020"
				]
			]
		}
	},
	{
		"id": "http://zotero.org/users/local/ceLYcASR/items/QZ9ZKPY9",
		"type": "article",
		"abstract": "Recent progress in pre-trained neural language models has significantly improved the performance of many natural language processing (NLP) tasks. In this paper we propose a new model architecture DeBERTa (Decoding-enhanced BERT with disentangled attention) that improves the BERT and RoBERTa models using two novel techniques. The first is the disentangled attention mechanism, where each word is represented using two vectors that encode its content and position, respectively, and the attention weights among words are computed using disentangled matrices on their contents and relative positions, respectively. Second, an enhanced mask decoder is used to incorporate absolute positions in the decoding layer to predict the masked tokens in model pre-training. In addition, a new virtual adversarial training method is used for fine-tuning to improve models' generalization. We show that these techniques significantly improve the efficiency of model pre-training and the performance of both natural language understanding (NLU) and natural langauge generation (NLG) downstream tasks. Compared to RoBERTa-Large, a DeBERTa model trained on half of the training data performs consistently better on a wide range of NLP tasks, achieving improvements on MNLI by +0.9% (90.2% vs. 91.1%), on SQuAD v2.0 by +2.3% (88.4% vs. 90.7%) and RACE by +3.6% (83.2% vs. 86.8%). Notably, we scale up DeBERTa by training a larger version that consists of 48 Transform layers with 1.5 billion parameters. The significant performance boost makes the single DeBERTa model surpass the human performance on the SuperGLUE benchmark (Wang et al., 2019a) for the first time in terms of macro-average score (89.9 versus 89.8), and the ensemble DeBERTa model sits atop the SuperGLUE leaderboard as of January 6, 2021, out performing the human baseline by a decent margin (90.3 versus 89.8).",
		"DOI": "10.48550/ARXIV.2006.03654",
		"license": "arXiv.org perpetual, non-exclusive license",
		"note": "version: 6",
		"publisher": "arXiv",
		"source": "DOI.org (Datacite)",
		"title": "DeBERTa: Decoding-enhanced BERT with Disentangled Attention",
		"title-short": "DeBERTa",
		"URL": "https://arxiv.org/abs/2006.03654",
		"author": [
			{
				"family": "He",
				"given": "Pengcheng"
			},
			{
				"family": "Liu",
				"given": "Xiaodong"
			},
			{
				"family": "Gao",
				"given": "Jianfeng"
			},
			{
				"family": "Chen",
				"given": "Weizhu"
			}
		],
		"accessed": {
			"date-parts": [
				[
					"2025",
					8,
					24
				]
			]
		},
		"issued": {
			"date-parts": [
				[
					"2020"
				]
			]
		}
	}
]