[
  {
    "id": "http://zotero.org/users/local/ceLYcASR/items/P27NWJ9A",
    "title": "2502.15702v1",
    "url": ""
  },
  {
    "id": "http://zotero.org/users/local/ceLYcASR/items/5M9EANUG",
    "title": "Automation of Systematic Reviews with Large Language Models",
    "url": ""
  },
  {
    "id": "http://zotero.org/users/local/ceLYcASR/items/5I2MEAWR",
    "title": "A Systematic Review of Key Retrieval-Augmented Generation (RAG) Systems: Progress, Gaps, and Future Directions",
    "url": ""
  },
  {
    "id": "http://zotero.org/users/local/ceLYcASR/items/EFQ88A4N",
    "title": "A Systematic Literature Review of Retrieval-Augmented Generation: Techniques, Metrics, and Challenges",
    "url": ""
  },
  {
    "id": "http://zotero.org/users/local/ceLYcASR/items/ZWGZAC4T",
    "title": "Large language models, updates, and evaluation of automation tools for systematic reviews: a summary of significant discussions at the eighth meeting of the International Collaboration for the Automation of Systematic Reviews (ICASR)",
    "url": ""
  },
  {
    "id": "http://zotero.org/users/local/ceLYcASR/items/6V8QT4DJ",
    "title": "Automating Systematic Literature Reviews with Retrieval-Augmented Generation: A Comprehensive Overview",
    "url": ""
  },
  {
    "id": "http://zotero.org/users/local/ceLYcASR/items/G9YPV55Y",
    "title": "Streamlining systematic reviews with large language models using prompt engineering and retrieval augmented generation",
    "url": ""
  },
  {
    "id": "http://zotero.org/users/local/ceLYcASR/items/G43CC5XQ",
    "title": "Attention Is All You Need",
    "url": ""
  },
  {
    "id": "http://zotero.org/users/local/ceLYcASR/items/F5VY36FN",
    "title": "BERT: Pre-training of Deep Bidirectional Transformers for Language Understanding",
    "url": ""
  },
  {
    "id": "http://zotero.org/users/local/ceLYcASR/items/5AJYXVVC",
    "title": "RoBERTa: A Robustly Optimized BERT Pretraining Approach",
    "url": ""
  },
  {
    "id": "http://zotero.org/users/local/ceLYcASR/items/SI37QJ62",
    "title": "XLNet: Generalized Autoregressive Pretraining for Language Understanding",
    "url": ""
  },
  {
    "id": "http://zotero.org/users/local/ceLYcASR/items/5363JIVY",
    "title": "Exploring the Limits of Transfer Learning with a Unified Text-to-Text Transformer",
    "url": ""
  },
  {
    "id": "http://zotero.org/users/local/ceLYcASR/items/I5KQ6H29",
    "title": "BART: Denoising Sequence-to-Sequence Pre-training for Natural Language Generation, Translation, and Comprehension",
    "url": ""
  },
  {
    "id": "http://zotero.org/users/local/ceLYcASR/items/W89EV3AU",
    "title": "ALBERT: A Lite BERT for Self-supervised Learning of Language Representations",
    "url": ""
  },
  {
    "id": "http://zotero.org/users/local/ceLYcASR/items/FDRYRHXN",
    "title": "SpanBERT: Improving Pre-training by Representing and Predicting Spans",
    "url": ""
  },
  {
    "id": "http://zotero.org/users/local/ceLYcASR/items/KM8Y2VT5",
    "title": "ELECTRA: Pre-training Text Encoders as Discriminators Rather Than Generators",
    "url": ""
  },
  {
    "id": "http://zotero.org/users/local/ceLYcASR/items/EHAQ2LZQ",
    "title": "Longformer: The Long-Document Transformer",
    "url": ""
  },
  {
    "id": "http://zotero.org/users/local/ceLYcASR/items/8Z4RTBP6",
    "title": "Big Bird: Transformers for Longer Sequences",
    "url": ""
  },
  {
    "id": "http://zotero.org/users/local/ceLYcASR/items/QZ9ZKPY9",
    "title": "DeBERTa: Decoding-enhanced BERT with Disentangled Attention",
    "url": ""
  }
]