id,doi,openalex,refs
http://zotero.org/users/local/ceLYcASR/items/5M9EANUG,,https://openalex.org/W4411259709,0
http://zotero.org/users/local/ceLYcASR/items/ZWGZAC4T,10.1186/s13643-024-02666-2,https://openalex.org/W4404772680,13
http://zotero.org/users/local/ceLYcASR/items/6V8QT4DJ,10.3390/app14199103,https://openalex.org/W4403248625,32
http://zotero.org/users/local/ceLYcASR/items/G9YPV55Y,10.1186/s12874-025-02583-5,https://openalex.org/W4410251088,25
http://zotero.org/users/local/ceLYcASR/items/G43CC5XQ,10.48550/ARXIV.1706.03762,https://openalex.org/W4385245566,0
http://zotero.org/users/local/ceLYcASR/items/F5VY36FN,10.48550/ARXIV.1810.04805,https://openalex.org/W2896457183,55
http://zotero.org/users/local/ceLYcASR/items/5AJYXVVC,10.48550/ARXIV.1907.11692,https://openalex.org/W2965373594,45
http://zotero.org/users/local/ceLYcASR/items/SI37QJ62,10.48550/ARXIV.1906.08237,https://openalex.org/W2970597249,0
http://zotero.org/users/local/ceLYcASR/items/5363JIVY,10.48550/ARXIV.1910.10683,https://openalex.org/W4288089799,0
http://zotero.org/users/local/ceLYcASR/items/I5KQ6H29,10.48550/ARXIV.1910.13461,https://openalex.org/W4288088047,0
http://zotero.org/users/local/ceLYcASR/items/W89EV3AU,10.48550/ARXIV.1909.11942,https://openalex.org/W2996428491,49
http://zotero.org/users/local/ceLYcASR/items/FDRYRHXN,10.48550/ARXIV.1907.10529,https://openalex.org/W4288279441,0
http://zotero.org/users/local/ceLYcASR/items/KM8Y2VT5,10.48550/ARXIV.2003.10555,https://openalex.org/W4287824654,0
http://zotero.org/users/local/ceLYcASR/items/EHAQ2LZQ,10.48550/ARXIV.2004.05150,https://openalex.org/W3015468748,54
http://zotero.org/users/local/ceLYcASR/items/8Z4RTBP6,10.48550/ARXIV.2007.14062,https://openalex.org/W4287704453,0
http://zotero.org/users/local/ceLYcASR/items/QZ9ZKPY9,10.48550/ARXIV.2006.03654,https://openalex.org/W3033187248,61
